{"confusion_matrix":{"width":1303,"height":1181,"_type":"image-file","sha256":"10ef63fc0d516ff6ac19bedaeec0ae417c04c13d7227d7735064277f874d0abb","size":32029,"path":"media/images/confusion_matrix_8_10ef63fc0d516ff6ac19.png","format":"png"},"cv_accuracy_std":0.01807434048104221,"fold_recall":0.6444444444444445,"cv_folds_table":{"ncols":5,"_type":"table-file","nrows":5,"artifact_path":"wandb-client-artifact://p26gyfsu4lpe5n2jdjjvhm2rea2dp4erha3q8ekzjej68bjns16i292rub0avbxhhnuaefsujy93i4430ccj6613biws7ovxndtpm9ur7qw1kqgf4y33s0z8s59flear/cv_folds_table.table.json","path":"media/table/cv_folds_table_5_01ab1a1ca623398b7284.table.json","_latest_artifact_path":"wandb-client-artifact://8mc27gvlo1gktst3ym59f017xy62gdoe35tsq2r9irs7o6zi8gvcmxtjyxdd4drsfg56tmz7lz8tj8ojl7de5few6596yzw9ckqn9y9clewgv0p5x417ivoi03ovg9jy:latest/cv_folds_table.table.json","size":481,"log_mode":"IMMUTABLE","sha256":"01ab1a1ca623398b7284a604052808dd39ef29519fc7a6f0fa0d0d9a4d38e7ad"},"_wandb":{"runtime":2},"fold_f1":0.6551724137931035,"cv_precision_oof":0.6557377049180327,"fold_accuracy":0.9714285714285714,"cv_f1_oof":0.6489456609894565,"cv_recall_oof":0.6431924882629109,"cv_accuracy_mean":0.9717460317460318,"_step":8,"_runtime":2,"fold_precision":0.6666666666666666,"_timestamp":1.769164471695206e+09,"fold":5}