{"test_f1":0.6295313881520778,"_wandb":{"runtime":0},"_runtime":0,"_step":1,"val_accuracy":0.9444444444444444,"_timestamp":1.7684840057239602e+09,"test_precision":0.6444444444444445,"test_recall":0.6190476190476191}